<?xml version="1.0" encoding="UTF-8"?>
<!DOCTYPE mapper PUBLIC "-//mybatis.org//DTD Mapper 3.0//EN" "http://mybatis.org/dtd/mybatis-3-mapper.dtd">
<mapper namespace="com.study.free.dao.IFreeBoardDao">

	<sql id="search">
		<if
			test="!@org.apache.commons.lang3.StringUtils@isBlank(searchWord)">
			<choose>
				<when test='searchType=="T"'> AND bo_title LIKE '%'||#{searchWord}||'%' </when>
				<when test='searchType=="W"'> AND bo_writer LIKE '%'||#{searchWord}||'%' </when>
				<when test='searchType=="C"'> AND bo_content LIKE '%'||#{searchWord}||'%' </when>
			</choose>
		</if><!--  -->
		<if
			test="!@org.apache.commons.lang3.StringUtils@isBlank(searchCategory)">
			AND bo_category =#{searchCategory}
		</if>
	</sql>


	<select id="getTotalRowCount"
		parameterType="com.study.free.vo.FreeBoardSearchVO" resultType="int">
		SELECT count(*)
		FROM free_board
		WHERE 1=1
		<include refid="search" />

	</select> 

	<select id="getBoardList"
		resultType="com.study.free.vo.FreeBoardVO"
		parameterType="com.study.free.vo.FreeBoardSearchVO">


		<include refid="common.prePage"></include>
		SELECT
		to_char(bo_reg_date,'YYYY-MM-DD') AS bo_reg_date ,
		to_char(bo_mod_date,'YYYY-MM-DD') AS bo_mod_date ,
		bo_no , bo_title ,
		bo_category ,
		bo_writer , bo_pass , bo_content ,
		 bo_hit ,
		bo_del_yn ,
		b.comm_nm AS bo_category_nm

		FROM free_board a
		,comm_code b
		WHERE a.bo_category=b.comm_cd
		<include refid="search" />
		ORDER by bo_no desc
		<include refid="common.postPage"></include>


	</select>


	<!-- 지금은 파라미터가 VO가 아니라 int입니다... 이럴 때는 아무렇게나 써도 됩니다. -->
	<select id="getBoard" parameterType="int"
		resultType="com.study.free.vo.FreeBoardVO">
		SELECT
		to_char(bo_reg_date,'YYYY-MM-DD') AS bo_reg_date ,
		to_char(bo_mod_date,'YYYY-MM-DD') AS bo_mod_date ,
		bo_no , bo_title ,
		bo_category ,
		bo_writer , bo_pass , bo_content ,
		 bo_hit ,
		bo_del_yn ,
		b.comm_nm AS bo_category_nm
		FROM free_board a
		,comm_code b
		WHERE bo_no=#{boNo}
		AND a.bo_category=b.comm_cd
	</select>

	<update id="increaseHit" parameterType="int">
		UPDATE free_board SET
		bo_hit=bo_hit+1
		WHERE bo_no=#{boNo}
	</update>


	<update id="updateBoard"
		parameterType="com.study.free.vo.FreeBoardVO">
		UPDATE free_board SET
		bo_title=#{boTitle}
		,bo_category=#{boCategory}
		,bo_content=#{boContent}
		,bo_mod_date=sysdate
		WHERE bo_no=#{boNo}
		
	</update>


	<update id="deleteBoard"
		parameterType="com.study.free.vo.FreeBoardVO">
		UPDATE free_board SET
		bo_del_yn='Y'
		WHERE bo_no=#{boNo}

	</update>

	<insert id="insertBoard"
		parameterType="com.study.free.vo.FreeBoardVO">
		INSERT INTO free_board VALUES(
		seq_free_board.nextval,#{boTitle} ,
		#{boCategory},
		#{boWriter}, #{boPass}, #{boContent},
		 0, sysdate,
		null, 'N'
		)
	</insert>





</mapper>